Country,Alpha_2,Alpha_3,Numeric_code
Afghanistan,AF,AFG,4
A…land_Islands,AX,ALA,248
Albania,AL,ALB,8
Algeria,DZ,DZA,12
American_Samoa,AS,ASM,16
Andorra,AD,AND,20
Angola,AO,AGO,24
Anguilla,AI,AIA,660
Antarctica,AQ,ATA,10
Antigua_and_Barbuda,AG,ATG,28
Argentina,AR,ARG,32
Armenia,AM,ARM,51
Aruba,AW,ABW,533
Australia,AU,AUS,36
Austria,AT,AUT,40
Azerbaijan,AZ,AZE,31
Bahamas,BS,BHS,44
Bahrain,BH,BHR,48
Bangladesh,BD,BGD,50
Barbados,BB,BRB,52
Belarus,BY,BLR,112
Belgium,BE,BEL,56
Belize,BZ,BLZ,84
Benin,BJ,BEN,204
Bermuda,BM,BMU,60
Bhutan,BT,BTN,64
Bolivia__Plurinational_State_of,BO,BOL,68
Bosnia_and_Herzegovina,BA,BIH,70
Botswana,BW,BWA,72
Bouvet_Island,BV,BVT,74
Brazil,BR,BRA,76
British_Indian_Ocean_Territory,IO,IOT,86
Brunei_Darussalam,BN,BRN,96
Bulgaria,BG,BGR,100
Burkina_Faso,BF,BFA,854
Burundi,BI,BDI,108
Cambodia,KH,KHM,116
Cameroon,CM,CMR,120
Canada,CA,CAN,124
Cape_Verde,CV,CPV,132
Cayman_Islands,KY,CYM,136
Central_African_Republic,CF,CAF,140
Chad,TD,TCD,148
Chile,CL,CHL,152
China,CN,CHN,156
Christmas_Island,CX,CXR,162
Cocos_(Keeling)_Islands,CC,CCK,166
Colombia,CO,COL,170
Comoros,KM,COM,174
Congo,CG,COG,178
Congo__the_Democratic_Republic_of_the,CD,COD,180
Cook_Islands,CK,COK,184
Costa_Rica,CR,CRI,188
Cote_d_Ivoire,CI,CIV,384
Croatia,HR,HRV,191
Cuba,CU,CUB,192
Cyprus,CY,CYP,196
Czech_Republic,CZ,CZE,203
Denmark,DK,DNK,208
Djibouti,DJ,DJI,262
Dominica,DM,DMA,212
Dominican_Republic,DO,DOM,214
Ecuador,EC,ECU,218
Egypt,EG,EGY,818
El_Salvador,SV,SLV,222
Equatorial_Guinea,GQ,GNQ,226
Eritrea,ER,ERI,232
Estonia,EE,EST,233
Ethiopia,ET,ETH,231
Falkland_Islands_(Malvinas),FK,FLK,238
Faroe_Islands,FO,FRO,234
Fiji,FJ,FJI,242
Finland,FI,FIN,246
France,FR,FRA,250
French_Guiana,GF,GUF,254
French_Polynesia,PF,PYF,258
French_Southern_Territories,TF,ATF,260
Gabon,GA,GAB,266
Gambia,GM,GMB,270
Georgia,GE,GEO,268
Germany,DE,DEU,276
Ghana,GH,GHA,288
Gibraltar,GI,GIB,292
Greece,GR,GRC,300
Greenland,GL,GRL,304
Grenada,GD,GRD,308
Guadeloupe,GP,GLP,312
Guam,GU,GUM,316
Guatemala,GT,GTM,320
Guernsey,GG,GGY,831
Guinea,GN,GIN,324
Guinea-Bissau,GW,GNB,624
Guyana,GY,GUY,328
Haiti,HT,HTI,332
Heard_Island_and_McDonald_Islands,HM,HMD,334
Holy_See_(Vatican_City_State),VA,VAT,336
Honduras,HN,HND,340
Hong_Kong,HK,HKG,344
Hungary,HU,HUN,348
Iceland,IS,ISL,352
India,IN,IND,356
Indonesia,ID,IDN,360
Iran__Islamic_Republic_of,IR,IRN,364
Iraq,IQ,IRQ,368
Ireland,IE,IRL,372
Isle_of_Man,IM,IMN,833
Israel,IL,ISR,376
Italy,IT,ITA,380
Jamaica,JM,JAM,388
Japan,JP,JPN,392
Jersey,JE,JEY,832
Jordan,JO,JOR,400
Kazakhstan,KZ,KAZ,398
Kenya,KE,KEN,404
Kiribati,KI,KIR,296
Korea__Democratic_People_s_Republic_of,KP,PRK,408
Korea__Republic_of,KR,KOR,410
Kuwait,KW,KWT,414
Kyrgyzstan,KG,KGZ,417
Lao_People_s_Democratic_Republic,LA,LAO,418
Latvia,LV,LVA,428
Lebanon,LB,LBN,422
Lesotho,LS,LSO,426
Liberia,LR,LBR,430
Libyan_Arab_Jamahiriya,LY,LBY,434
Liechtenstein,LI,LIE,438
Lithuania,LT,LTU,440
Luxembourg,LU,LUX,442
Macao,MO,MAC,446
Macedonia__the_former_Yugoslav_Republic_of,MK,MKD,807
Madagascar,MG,MDG,450
Malawi,MW,MWI,454
Malaysia,MY,MYS,458
Maldives,MV,MDV,462
Mali,ML,MLI,466
Malta,MT,MLT,470
Marshall_Islands,MH,MHL,584
Martinique,MQ,MTQ,474
Mauritania,MR,MRT,478
Mauritius,MU,MUS,480
Mayotte,YT,MYT,175
Mexico,MX,MEX,484
Micronesia__Federated_States_of,FM,FSM,583
Moldova__Republic_of,MD,MDA,498
Monaco,MC,MCO,492
Mongolia,MN,MNG,496
Montenegro,ME,MNE,499
Montserrat,MS,MSR,500
Morocco,MA,MAR,504
Mozambique,MZ,MOZ,508
Myanmar,MM,MMR,104
Namibia,NA,NAM,516
Nauru,NR,NRU,520
Nepal,NP,NPL,524
Netherlands,NL,NLD,528
Netherlands_Antilles,AN,ANT,530
New_Caledonia,NC,NCL,540
New_Zealand,NZ,NZL,554
Nicaragua,NI,NIC,558
Niger,NE,NER,562
Nigeria,NG,NGA,566
Niue,NU,NIU,570
Norfolk_Island,NF,NFK,574
Northern_Mariana_Islands,MP,MNP,580
Norway,NO,NOR,578
Oman,OM,OMN,512
Pakistan,PK,PAK,586
Palau,PW,PLW,585
Palestinian_Territory__Occupied,PS,PSE,275
Panama,PA,PAN,591
Papua_New_Guinea,PG,PNG,598
Paraguay,PY,PRY,600
Peru,PE,PER,604
Philippines,PH,PHL,608
Pitcairn,PN,PCN,612
Poland,PL,POL,616
Portugal,PT,PRT,620
Puerto_Rico,PR,PRI,630
Qatar,QA,QAT,634
RA©union,RE,REU,638
Romania,RO,ROU,642
Russian_Federation,RU,RUS,643
Rwanda,RW,RWA,646
Saint_BarthA©lemy,BL,BLM,652
Saint_Helena__Ascension_and_Tristan_da_Cunha,SH,SHN,654
Saint_Kitts_and_Nevis,KN,KNA,659
Saint_Lucia,LC,LCA,662
Saint_Martin_(French_part),MF,MAF,663
Saint_Pierre_and_Miquelon,PM,SPM,666
Saint_Vincent_and_the_Grenadines,VC,VCT,670
Samoa,WS,WSM,882
San_Marino,SM,SMR,674
Sao_Tome_and_Principe,ST,STP,678
Saudi_Arabia,SA,SAU,682
Senegal,SN,SEN,686
Serbia,RS,SRB,688
Seychelles,SC,SYC,690
Sierra_Leone,SL,SLE,694
Singapore,SG,SGP,702
Slovakia,SK,SVK,703
Slovenia,SI,SVN,705
Solomon_Islands,SB,SLB,90
Somalia,SO,SOM,706
South_Africa,ZA,ZAF,710
South_Georgia_and_the_South_Sandwich_Islands,GS,SGS,239
Spain,ES,ESP,724
Sri_Lanka,LK,LKA,144
Sudan,SD,SDN,736
Suriname,SR,SUR,740
Svalbard_and_Jan_Mayen,SJ,SJM,744
Swaziland,SZ,SWZ,748
Sweden,SE,SWE,752
Switzerland,CH,CHE,756
Syrian_Arab_Republic,SY,SYR,760
Taiwan__Province_of_China,TW,TWN,158
Tajikistan,TJ,TJK,762
Tanzania__United_Republic_of,TZ,TZA,834
Thailand,TH,THA,764
Timor-Leste,TL,TLS,626
Togo,TG,TGO,768
Tokelau,TK,TKL,772
Tonga,TO,TON,776
Trinidad_and_Tobago,TT,TTO,780
Tunisia,TN,TUN,788
Turkey,TR,TUR,792
Turkmenistan,TM,TKM,795
Turks_and_Caicos_Islands,TC,TCA,796
Tuvalu,TV,TUV,798
Uganda,UG,UGA,800
Ukraine,UA,UKR,804
United_Arab_Emirates,AE,ARE,784
United_Kingdom,GB,GBR,826
United_States,US,USA,840
United_States_Minor_Outlying_Islands,UM,UMI,581
Uruguay,UY,URY,858
Uzbekistan,UZ,UZB,860
Vanuatu,VU,VUT,548
Venezuela__Bolivarian_Republic_of,VE,VEN,862
Viet_Nam,VN,VNM,704
Virgin_Islands__British,VG,VGB,92
Virgin_Islands__U.S.,VI,VIR,850
Wallis_and_Futuna,WF,WLF,876
Western_Sahara,EH,ESH,732
Yemen,YE,YEM,887
Zambia,ZM,ZMB,894
Zimbabwe,ZW,ZWE,716
